Model,Accuracy,Precision,Recall,F1_Score
svm_v2,0.8098214285714286,0.8099121479936097,0.8098214285714286,0.8087508157489579
